month,WnvPresent
05.4,0.0
06.1,0.0
06.2,0.0
06.3,0.0
06.4,0.0
07.1,0.0
07.2,0.0083932853717
07.3,0.0334728033473
07.4,0.0267131242741
08.1,0.0444258172674
08.2,0.10788863109
08.3,0.15889212828
08.4,0.121359223301
09.1,0.112266112266
09.2,0.0759493670886
09.3,0.0290322580645
09.4,0.0166270783848
10.1,0.00913242009132
10.2,0.0
